{"Anticipatory": {"Criminal Solicitation": 100, "Conspiracy": 105, "Attempt": 110, "Criminal Facilitation": 115}, "Against the Person": {"Assault": 120, "Strangulation": 121, "Homicide": 125, "Sex Offenses": 130, "Kidnapping/Coercion": 135}, "Damage to Property": {"Burglary": 140, "Criminal Mischief": 145, "Arson": 150}, "Theft": {"Larceny": 155, "Offenses involving Computers": 156, "Welfare Fraud": 158, "Robbery": 160, "Related Offenses": 165}, "Fraud": {"Forgery": 170, "False Written Statements": 175, "Insurance Fraud": 176, "Health Card Fraud": 177, "Diversion of Prescriptions": 178, "Diversion of Medical Marijuana": 179, "Bribery": 180, "Frauds on Creditors": 185, "Residential Mortgage Fraud": 187, "Other Frauds": 190}, "Public Admin": {"Official Misconduct": 195, "Bribery of a Public Servant": 200, "Escape/Offenses Related to Custody": 205, "Perjury": 210, "Offenses Relating to Judicial Proceedings": 215}, "Public Health/Morals": {"Controlled Substances": 220, "Marijuana (repealed)": 221, "Cannabis": 222, "Gambling": 225, "Prostitution": 230, "Obscenity": 235}, "Public Order/Privacy": {"Public Order": 240, "Harassment of Tenants": 241, "Offenses Against Service Animals/Handlers": 242, "Public Sensibilities": 245, "Privacy": 250}, "Family/Child Welfare": {"Marital Relationships": 255, "Against Children/Elderly/Disabled Persons": 260, "Sexual Performances by a Child": 263}, "Public Safety": {"Firearms/Dangerous Weapons": 265, "Other Offenses": 270, "Unauthorized Recording": 275}, "Firearms/Fireworks/Pornography/Gambling": {"Firearms Licensing": 400, "Fireworks Licensing": 405, "Pornographic Equipment": 410, "Gambling Records": 415, "Seizure of Recordings/Recording Equipment": 420, "Disposal of Public Property": 450}, "Organised Crime": {"Enterprise Corruption": 460, "Money Laundering": 470, "Criminal Forfeiture": 480}, "Hate Crime": {"Hate Crime": 485}, "Terrorism": {"Terrorism": 490}, "Corrupting the Government": {"Corrupting the Government": 496}}