name,longitude,latitude
New School University / Parsons School Of Design,-73.99465215457163,40.73519616365903
New School University / The New School,-73.99706966379965,40.73546280987431
Metropolitan College,-74.00681944352681,40.723441859057495
"School Of Nursing Of St. Vincents Catholic Medical Centers, The",-73.79439300079635,40.73944287003665
Bramson Ort College,-73.84872054010768,40.721371886956774
St. John's University / Queens Campus,-73.79169409417617,40.72560042547538
"College Of Aeronautics, Laguardia Airport",-73.88262668869274,40.76781246562115
Wagner College,-74.09254228397026,40.61477207128726
Fashion Institute Of Technology (Suny),-73.99395097259607,40.747110544796385
Herbert H Lehman College (Cuny),-73.89290953903091,40.87459002193658
Eugenio Maria De Hostos Comm Coll (Cuny),-73.92693174513067,40.817826050895235
Bronx Community College (Cuny),-73.90883250414988,40.8568141091849
Medgar Evers College (Cuny),-73.95764418177963,40.66633782727834
Brooklyn College (Cuny),-73.95348409151686,40.63176554821801
Nyc Technical College (Cuny),-73.98766333253079,40.69552146244829
Health Science Center At Brooklyn (Suny),-73.9449435524464,40.65507267868331
Hunter College School Social Work (Cuny),-73.95911733944205,40.775351150446056
Bernard M Baruch College (Cuny),-73.98339828552592,40.74021907770699
Borough Of Manhattan Comm College (Cuny),-74.01183075983597,40.71865472056016
Nys College Of Optometry (Suny),-73.98218892338582,40.75449402764767
Cuny Grad School&University Center (Cuny),-73.98348992428072,40.74845551426779
Baruch Grad Sch Of Politcal Management,-73.98339828552592,40.74021907770699
Hunter College (Cuny),-73.96474222642745,40.768569446676494
John Jay College Criminal Justice (Cuny),-73.98825336846367,40.7702792782081
Queensborough Community College (Cuny),-73.75759790651955,40.75383842336462
Fiorello H Laguardia Comm College (Cuny),-73.93512379108051,40.7439956895944
School Of Law At Queens College (Cuny),-73.82453915216028,40.737108318660674
Queens College (Cuny),-73.81829898457165,40.735954805733996
Queens Coll Sch Math & Science,-73.81829898457165,40.735954805733996
York College (Cuny),-73.79625692788854,40.70172969617277
College Of Staten Island (Cuny),-74.14887611925316,40.60063483947812
"College Of New Rochelle, The / School Of New Resources/John Cardinal O?Connor Campus",-73.92038932251565,40.816519958982994
Fordham University,-73.887390126939,40.86125886238194
Manhattan College,-73.90190577626052,40.889767124763196
College Of Mount St. Vincent,-73.90284544181063,40.91263942581352
"College Of New Rochelle, The / School Of New Resources/Co-Op City Campus",-73.827002596629,40.88021177487783
Long Island University / Brooklyn Campus,-73.98129553261923,40.691699768257685
"College Of New Rochelle, The / School Of New Resources/Brooklyn Campus",-73.9456342920531,40.6799503315382
Institute Of Design And Construction,-73.98308348320116,40.69230564267101
St. Francis College,-73.9921109815578,40.69306855757583
"Boricua College, Northside Center",-73.95775285303331,40.71658090096847
Pratt Institute,-73.9641713381281,40.69179151661372
St. Joseph's College / Brooklyn Campus,-73.96769005811436,40.69052201077746
Long Island College Hospital School Of Nursing,-73.99740081950995,40.69055915437317
Polytechnic University / Brooklyn-Metrotech Campus,-73.98565829535117,40.69463215570763
"Boricua College, Graham Center",-73.94248381837252,40.701296859100935
Pace University / New York City Campus,-74.00479825356436,40.71110496435334
St. John's University / Manhattan Campus,-74.01263555490442,40.715434404674916
Fordham University/Lincoln Center Campus,-73.98514610080309,40.770821960815844
Columbia University,-73.9616669913283,40.806815074075836
Manhattan School Of Music,-73.96148487501755,40.81239324826694
"Rockefeller University, The",-73.95662756289357,40.762889704137415
"College Of New Rochelle, The / School Of New Resources/District Council 37 Campus",-74.01295986865433,40.71458526392435
Cornell University / Weill Medical College Of Cornell University,-73.95472938360106,40.76473776409553
"College Of New Rochelle, The / School Of New Resources/Rosa Parks Campus",-73.94772625973405,40.80824453429463
New School University / Mannes College Of Music,-73.97466142784745,40.78642497243753
New York School Of Interior Design,-73.96245272240729,40.76858064958243
New York College Of Podiatric Medicine,-73.94025622759209,40.80494109353117
Helene Fuld College Of Nursing Of North General Hospital,-73.94169697317783,40.80324528879269
New York University,-73.99787780140895,40.73207510379186
Marymount Manhattan College,-73.95974673761155,40.76872195160445
"College Of New Rochelle, The / School Of New Resources/New York Theological Seminary Campus",-73.9953620336229,40.74868111655497
Touro College,-73.99057872656032,40.74240548177522
Pratt Institute / Manhattan Campus,-73.99539777630206,40.724530937742024
"Cooper Union, The / For The Advancement Of Science And Art Suite 300",-73.99162508259106,40.72813483481943
Barnard College,-73.96394826057096,40.80913269168725
Jewish Theological Seminary / List College Of Jewish Studies,-73.96001031213936,40.811801634463286
Phillips Beth Israel School Of Nursing,-73.9810549374029,40.73686062472525
Boricua College,-73.94587880144374,40.83347318351127
Cornell University / Weill Graduate School Of Medical Sciences Of Cornell University,-73.9553818130165,40.76523174250826
American Academy Mcallister Institute Of Funeral Service,-73.98864638744395,40.767873514551425
Yeshiva University,-73.92980468839204,40.85053977419417
"Teachers College, Columbia University",-73.96028717108886,40.81029418631306
New School University / Jazz And Contemporary Music Program,-73.99649861360797,40.736553887838184
Bank Street College Of Education / Graduate School Of Education,-73.9666683641188,40.80557808768119
New School University / Eugene Lang College,-73.99747679976271,40.73526236196918
The City College of New York,-73.95026316293709,40.81940116680288
